typeCode,freqCode,refPeriodId,refYear,refMonth,period,reporterCode,reporterISO,reporterDesc,flowCode,flowDesc,partnerCode,partnerISO,partnerDesc,partner2Code,partner2ISO,partner2Desc,classificationCode,classificationSearchCode,isOriginalClassification,cmdCode,cmdDesc,aggrLevel,isLeaf,customsCode,customsDesc,mosCode,motCode,motDesc,qtyUnitCode,qtyUnitAbbr,qty,isQtyEstimated,altQtyUnitCode,altQtyUnitAbbr,altQty,isAltQtyEstimated,netWgt,isNetWgtEstimated,grossWgt,isGrossWgtEstimated,cifvalue,fobvalue,primaryValue,legacyEstimationFlag,isReported,isAggregate
C,M,20180101,2018,1,201801,97,EUR,European Union,M,Import,156,CHN,China,0,W00,World,H5,HS,True,3923,"Plastic articles for the conveyance or packing of goods; stoppers, lids, caps and other closures of plastics",4,False,C00,TOTAL CPC,0,0,TOTAL MOT,8,kg,30170952.878,True,-1,N/A,0.0,False,30170952.878,True,0.0,False,159157968.425,,159157968.425,6,False,True
C,M,20180101,2018,1,201801,97,EUR,European Union,M,Import,156,CHN,China,0,W00,World,H5,HS,True,3924,"Tableware, kitchenware, other household articles and hygienic or toilet articles, of plastics",4,False,C00,TOTAL CPC,0,0,TOTAL MOT,8,kg,24175068.0,False,8,kg,24175068.0,False,24175068.0,False,0.0,False,127399135.73,,127399135.73,0,False,True
C,M,20180101,2018,1,201801,97,EUR,European Union,M,Import,156,CHN,China,0,W00,World,H5,HS,True,3926,"Articles of plastics and articles of other materials of heading no. 3901 to 3914, n.e.c. in chapter 39",4,False,C00,TOTAL CPC,0,0,TOTAL MOT,8,kg,78730891.0,False,8,kg,78730891.0,False,78730891.0,False,0.0,False,481346693.888,,481346693.888,0,False,True
C,M,20180101,2018,1,201801,97,EUR,European Union,M,Import,156,CHN,China,0,W00,World,H5,HS,True,8414,"Air or vacuum pumps, air or other gas compressors and fans; ventilating or recycling hoods incorporating a fan whether or not fitted with filters",4,False,C00,TOTAL CPC,0,0,TOTAL MOT,-1,N/A,0.0,True,-1,N/A,0.0,False,36198388.38,True,0.0,False,224901863.233,,224901863.233,6,False,True
C,M,20180101,2018,1,201801,97,EUR,European Union,M,Import,156,CHN,China,0,W00,World,H5,HS,True,8415,"Air conditioning machines; comprising a motor driven fan and elements for changing the temperature and humidity, including those machines in which the humidity cannot be separately regulated",4,False,C00,TOTAL CPC,0,0,TOTAL MOT,-1,N/A,0.0,True,-1,N/A,0.0,False,13989720.0,False,0.0,False,128209476.538,,128209476.538,2,False,True
C,M,20180101,2018,1,201801,97,EUR,European Union,M,Import,156,CHN,China,0,W00,World,H5,HS,True,8418,"Refrigerators, freezers and other refrigerating or freezing equipment, electric or other; heat pumps other than air conditioning machines of heading no. 8415",4,False,C00,TOTAL CPC,0,0,TOTAL MOT,-1,N/A,0.0,True,-1,N/A,0.0,False,48731287.601,True,0.0,False,213129608.022,,213129608.022,6,False,True
C,M,20180101,2018,1,201801,97,EUR,European Union,M,Import,156,CHN,China,0,W00,World,H5,HS,True,8450,Household or laundry-type washing machines; including machines which both wash and dry,4,False,C00,TOTAL CPC,0,0,TOTAL MOT,-1,N/A,0.0,False,-1,N/A,0.0,False,22146186.0,False,0.0,False,70416200.832,,70416200.832,0,False,True
C,M,20180101,2018,1,201801,97,EUR,European Union,M,Import,156,CHN,China,0,W00,World,H5,HS,True,8508,Vacuum cleaners,4,False,C00,TOTAL CPC,0,0,TOTAL MOT,-1,N/A,0.0,True,-1,N/A,0.0,False,17862258.777,True,0.0,False,163988559.302,,163988559.302,6,False,True
C,M,20180101,2018,1,201801,97,EUR,European Union,M,Import,156,CHN,China,0,W00,World,H5,HS,True,8509,"Electro-mechanical domestic appliances; with self-contained electric motor, other than vacuum cleaners of heading 85.08.",4,False,C00,TOTAL CPC,0,0,TOTAL MOT,-1,N/A,0.0,True,-1,N/A,0.0,False,15618482.0,False,0.0,False,165928265.163,,165928265.163,2,False,True
C,M,20180101,2018,1,201801,97,EUR,European Union,M,Import,156,CHN,China,0,W00,World,H5,HS,True,8516,"Electric water, space, soil heaters; electro-thermic hair-dressing apparatus; hand dryers, irons; electro-thermic appliances for domestic purposes; electro heating resistors, not of heading no. 8545",4,False,C00,TOTAL CPC,0,0,TOTAL MOT,-1,N/A,0.0,True,-1,N/A,0.0,False,71631933.651,True,0.0,False,455752422.256,,455752422.256,6,False,True
C,M,20180101,2018,1,201801,97,EUR,European Union,M,Import,156,CHN,China,0,W00,World,H5,HS,True,9401,"Seats (not those of heading no. 9402), whether or not convertible into beds and parts thereof",4,False,C00,TOTAL CPC,0,0,TOTAL MOT,-1,N/A,0.0,True,-1,N/A,0.0,False,155183508.0,False,0.0,False,665714709.472,,665714709.472,2,False,True
C,M,20180101,2018,1,201801,97,EUR,European Union,M,Import,156,CHN,China,0,W00,World,H5,HS,True,9403,"Furniture and parts thereof, n.e.c. in chapter 94",4,False,C00,TOTAL CPC,0,0,TOTAL MOT,-1,N/A,0.0,True,-1,N/A,0.0,False,193638264.0,False,0.0,False,551294542.495,,551294542.495,2,False,True
C,M,20180101,2018,1,201801,97,EUR,European Union,M,Import,156,CHN,China,0,W00,World,H5,HS,True,9405,"Lamps, light fittings; including searchlights, spotlights and parts thereof, n.e.c.; illuminated signs, name-plates and the like, having permanently fixed light source and parts thereof n.e.c. or included",4,False,C00,TOTAL CPC,0,0,TOTAL MOT,8,kg,72183280.452,True,-1,N/A,0.0,False,72183280.452,True,0.0,False,731308533.35,,731308533.35,6,False,True
C,M,20180101,2018,1,201801,97,EUR,European Union,M,Import,156,CHN,China,0,W00,World,H5,HS,True,9503,"Tricycles, scooters, pedal cars and similar wheeled toys; dolls' carriages; dolls; other toys; reduced-size (scale) models and similar recreational models, working or not; puzzles of all kinds",4,False,C00,TOTAL CPC,0,0,TOTAL MOT,8,kg,51224162.326,True,-1,N/A,0.0,False,51224162.326,True,0.0,False,515546535.518,,515546535.518,6,False,True
C,M,20180201,2018,2,201802,97,EUR,European Union,M,Import,156,CHN,China,0,W00,World,H5,HS,True,3923,"Plastic articles for the conveyance or packing of goods; stoppers, lids, caps and other closures of plastics",4,False,C00,TOTAL CPC,0,0,TOTAL MOT,8,kg,24273068.775,True,-1,N/A,0.0,False,24273068.775,True,0.0,False,120512515.309,,120512515.309,6,False,True
C,M,20180201,2018,2,201802,97,EUR,European Union,M,Import,156,CHN,China,0,W00,World,H5,HS,True,3924,"Tableware, kitchenware, other household articles and hygienic or toilet articles, of plastics",4,False,C00,TOTAL CPC,0,0,TOTAL MOT,8,kg,20668059.0,False,8,kg,20668059.0,False,20668059.0,False,0.0,False,111435385.755,,111435385.755,0,False,True
C,M,20180201,2018,2,201802,97,EUR,European Union,M,Import,156,CHN,China,0,W00,World,H5,HS,True,3926,"Articles of plastics and articles of other materials of heading no. 3901 to 3914, n.e.c. in chapter 39",4,False,C00,TOTAL CPC,0,0,TOTAL MOT,8,kg,67944893.976,True,-1,N/A,0.0,False,67944893.976,True,0.0,False,384537872.012,,384537872.012,6,False,True
C,M,20180201,2018,2,201802,97,EUR,European Union,M,Import,156,CHN,China,0,W00,World,H5,HS,True,8414,"Air or vacuum pumps, air or other gas compressors and fans; ventilating or recycling hoods incorporating a fan whether or not fitted with filters",4,False,C00,TOTAL CPC,0,0,TOTAL MOT,-1,N/A,0.0,True,-1,N/A,0.0,False,38689977.612,True,0.0,False,235567207.939,,235567207.939,6,False,True
C,M,20180201,2018,2,201802,97,EUR,European Union,M,Import,156,CHN,China,0,W00,World,H5,HS,True,8415,"Air conditioning machines; comprising a motor driven fan and elements for changing the temperature and humidity, including those machines in which the humidity cannot be separately regulated",4,False,C00,TOTAL CPC,0,0,TOTAL MOT,-1,N/A,0.0,True,-1,N/A,0.0,False,21822251.0,False,0.0,False,170688804.485,,170688804.485,2,False,True
C,M,20180201,2018,2,201802,97,EUR,European Union,M,Import,156,CHN,China,0,W00,World,H5,HS,True,8418,"Refrigerators, freezers and other refrigerating or freezing equipment, electric or other; heat pumps other than air conditioning machines of heading no. 8415",4,False,C00,TOTAL CPC,0,0,TOTAL MOT,-1,N/A,0.0,True,-1,N/A,0.0,False,36593082.997,True,0.0,False,170291785.671,,170291785.671,6,False,True
C,M,20180201,2018,2,201802,97,EUR,European Union,M,Import,156,CHN,China,0,W00,World,H5,HS,True,8450,Household or laundry-type washing machines; including machines which both wash and dry,4,False,C00,TOTAL CPC,0,0,TOTAL MOT,-1,N/A,0.0,False,-1,N/A,0.0,False,15182423.0,False,0.0,False,50484172.926,,50484172.926,0,False,True
C,M,20180201,2018,2,201802,97,EUR,European Union,M,Import,156,CHN,China,0,W00,World,H5,HS,True,8508,Vacuum cleaners,4,False,C00,TOTAL CPC,0,0,TOTAL MOT,-1,N/A,0.0,False,-1,N/A,0.0,False,16168940.0,False,0.0,False,149751916.787,,149751916.787,0,False,True
C,M,20180201,2018,2,201802,97,EUR,European Union,M,Import,156,CHN,China,0,W00,World,H5,HS,True,8509,"Electro-mechanical domestic appliances; with self-contained electric motor, other than vacuum cleaners of heading 85.08.",4,False,C00,TOTAL CPC,0,0,TOTAL MOT,-1,N/A,0.0,True,-1,N/A,0.0,False,13240684.0,False,0.0,False,124169042.157,,124169042.157,2,False,True
C,M,20180201,2018,2,201802,97,EUR,European Union,M,Import,156,CHN,China,0,W00,World,H5,HS,True,8516,"Electric water, space, soil heaters; electro-thermic hair-dressing apparatus; hand dryers, irons; electro-thermic appliances for domestic purposes; electro heating resistors, not of heading no. 8545",4,False,C00,TOTAL CPC,0,0,TOTAL MOT,-1,N/A,0.0,True,-1,N/A,0.0,False,62109010.578,True,0.0,False,376983868.284,,376983868.284,6,False,True
C,M,20180201,2018,2,201802,97,EUR,European Union,M,Import,156,CHN,China,0,W00,World,H5,HS,True,9401,"Seats (not those of heading no. 9402), whether or not convertible into beds and parts thereof",4,False,C00,TOTAL CPC,0,0,TOTAL MOT,-1,N/A,0.0,True,-1,N/A,0.0,False,145983795.547,True,0.0,False,609490640.654,,609490640.654,6,False,True
C,M,20180201,2018,2,201802,97,EUR,European Union,M,Import,156,CHN,China,0,W00,World,H5,HS,True,9403,"Furniture and parts thereof, n.e.c. in chapter 94",4,False,C00,TOTAL CPC,0,0,TOTAL MOT,-1,N/A,0.0,True,-1,N/A,0.0,False,169814569.5,True,0.0,False,487860288.89,,487860288.89,6,False,True
C,M,20180201,2018,2,201802,97,EUR,European Union,M,Import,156,CHN,China,0,W00,World,H5,HS,True,9405,"Lamps, light fittings; including searchlights, spotlights and parts thereof, n.e.c.; illuminated signs, name-plates and the like, having permanently fixed light source and parts thereof n.e.c. or included",4,False,C00,TOTAL CPC,0,0,TOTAL MOT,8,kg,65413128.968,True,-1,N/A,0.0,False,65413128.968,True,0.0,False,633944762.138,,633944762.138,6,False,True
C,M,20180201,2018,2,201802,97,EUR,European Union,M,Import,156,CHN,China,0,W00,World,H5,HS,True,9503,"Tricycles, scooters, pedal cars and similar wheeled toys; dolls' carriages; dolls; other toys; reduced-size (scale) models and similar recreational models, working or not; puzzles of all kinds",4,False,C00,TOTAL CPC,0,0,TOTAL MOT,8,kg,50976557.636,True,-1,N/A,0.0,False,50976557.636,True,0.0,False,478383822.841,,478383822.841,6,False,True
C,M,20180301,2018,3,201803,97,EUR,European Union,M,Import,156,CHN,China,0,W00,World,H5,HS,True,3923,"Plastic articles for the conveyance or packing of goods; stoppers, lids, caps and other closures of plastics",4,False,C00,TOTAL CPC,0,0,TOTAL MOT,8,kg,24650656.353,True,-1,N/A,0.0,False,24650656.353,True,0.0,False,119226764.702,,119226764.702,6,False,True
C,M,20180301,2018,3,201803,97,EUR,European Union,M,Import,156,CHN,China,0,W00,World,H5,HS,True,3924,"Tableware, kitchenware, other household articles and hygienic or toilet articles, of plastics",4,False,C00,TOTAL CPC,0,0,TOTAL MOT,8,kg,22828086.0,False,8,kg,22828086.0,False,22828086.0,False,0.0,False,118675197.61,,118675197.61,0,False,True
C,M,20180301,2018,3,201803,97,EUR,European Union,M,Import,156,CHN,China,0,W00,World,H5,HS,True,3926,"Articles of plastics and articles of other materials of heading no. 3901 to 3914, n.e.c. in chapter 39",4,False,C00,TOTAL CPC,0,0,TOTAL MOT,8,kg,71753962.488,True,-1,N/A,0.0,False,71753962.488,True,0.0,False,402045140.217,,402045140.217,6,False,True
C,M,20180301,2018,3,201803,97,EUR,European Union,M,Import,156,CHN,China,0,W00,World,H5,HS,True,8414,"Air or vacuum pumps, air or other gas compressors and fans; ventilating or recycling hoods incorporating a fan whether or not fitted with filters",4,False,C00,TOTAL CPC,0,0,TOTAL MOT,-1,N/A,0.0,True,-1,N/A,0.0,False,48524585.0,False,0.0,False,257600413.942,,257600413.942,2,False,True
C,M,20180301,2018,3,201803,97,EUR,European Union,M,Import,156,CHN,China,0,W00,World,H5,HS,True,8415,"Air conditioning machines; comprising a motor driven fan and elements for changing the temperature and humidity, including those machines in which the humidity cannot be separately regulated",4,False,C00,TOTAL CPC,0,0,TOTAL MOT,-1,N/A,0.0,True,-1,N/A,0.0,False,34617348.0,False,0.0,False,257793305.076,,257793305.076,2,False,True
C,M,20180301,2018,3,201803,97,EUR,European Union,M,Import,156,CHN,China,0,W00,World,H5,HS,True,8418,"Refrigerators, freezers and other refrigerating or freezing equipment, electric or other; heat pumps other than air conditioning machines of heading no. 8415",4,False,C00,TOTAL CPC,0,0,TOTAL MOT,-1,N/A,0.0,True,-1,N/A,0.0,False,40854668.0,False,0.0,False,188276481.205,,188276481.205,2,False,True
C,M,20180301,2018,3,201803,97,EUR,European Union,M,Import,156,CHN,China,0,W00,World,H5,HS,True,8450,Household or laundry-type washing machines; including machines which both wash and dry,4,False,C00,TOTAL CPC,0,0,TOTAL MOT,-1,N/A,0.0,False,-1,N/A,0.0,False,15963765.24,True,0.0,False,51291680.945,,51291680.945,4,False,True
C,M,20180301,2018,3,201803,97,EUR,European Union,M,Import,156,CHN,China,0,W00,World,H5,HS,True,8508,Vacuum cleaners,4,False,C00,TOTAL CPC,0,0,TOTAL MOT,-1,N/A,0.0,False,-1,N/A,0.0,False,13722680.0,False,0.0,False,136074252.507,,136074252.507,0,False,True
C,M,20180301,2018,3,201803,97,EUR,European Union,M,Import,156,CHN,China,0,W00,World,H5,HS,True,8509,"Electro-mechanical domestic appliances; with self-contained electric motor, other than vacuum cleaners of heading 85.08.",4,False,C00,TOTAL CPC,0,0,TOTAL MOT,-1,N/A,0.0,True,-1,N/A,0.0,False,13547575.0,False,0.0,False,133207721.644,,133207721.644,2,False,True
C,M,20180301,2018,3,201803,97,EUR,European Union,M,Import,156,CHN,China,0,W00,World,H5,HS,True,8516,"Electric water, space, soil heaters; electro-thermic hair-dressing apparatus; hand dryers, irons; electro-thermic appliances for domestic purposes; electro heating resistors, not of heading no. 8545",4,False,C00,TOTAL CPC,0,0,TOTAL MOT,-1,N/A,0.0,True,-1,N/A,0.0,False,57688829.64,True,0.0,False,373490293.528,,373490293.528,6,False,True
C,M,20180301,2018,3,201803,97,EUR,European Union,M,Import,156,CHN,China,0,W00,World,H5,HS,True,9401,"Seats (not those of heading no. 9402), whether or not convertible into beds and parts thereof",4,False,C00,TOTAL CPC,0,0,TOTAL MOT,-1,N/A,0.0,True,-1,N/A,0.0,False,135110415.0,False,0.0,False,560705071.644,,560705071.644,2,False,True
C,M,20180301,2018,3,201803,97,EUR,European Union,M,Import,156,CHN,China,0,W00,World,H5,HS,True,9403,"Furniture and parts thereof, n.e.c. in chapter 94",4,False,C00,TOTAL CPC,0,0,TOTAL MOT,-1,N/A,0.0,True,-1,N/A,0.0,False,166072976.0,False,0.0,False,480929834.853,,480929834.853,2,False,True
C,M,20180301,2018,3,201803,97,EUR,European Union,M,Import,156,CHN,China,0,W00,World,H5,HS,True,9405,"Lamps, light fittings; including searchlights, spotlights and parts thereof, n.e.c.; illuminated signs, name-plates and the like, having permanently fixed light source and parts thereof n.e.c. or included",4,False,C00,TOTAL CPC,0,0,TOTAL MOT,8,kg,61628954.621,True,-1,N/A,0.0,False,61628954.621,True,0.0,False,620200899.973,,620200899.973,6,False,True
C,M,20180301,2018,3,201803,97,EUR,European Union,M,Import,156,CHN,China,0,W00,World,H5,HS,True,9503,"Tricycles, scooters, pedal cars and similar wheeled toys; dolls' carriages; dolls; other toys; reduced-size (scale) models and similar recreational models, working or not; puzzles of all kinds",4,False,C00,TOTAL CPC,0,0,TOTAL MOT,8,kg,53343139.527,True,-1,N/A,0.0,False,53343139.527,True,0.0,False,478619671.093,,478619671.093,6,False,True
C,M,20180401,2018,4,201804,97,EUR,European Union,M,Import,156,CHN,China,0,W00,World,H5,HS,True,3923,"Plastic articles for the conveyance or packing of goods; stoppers, lids, caps and other closures of plastics",4,False,C00,TOTAL CPC,0,0,TOTAL MOT,8,kg,20281080.8,True,-1,N/A,0.0,False,20281080.8,True,0.0,False,108893902.863,,108893902.863,6,False,True
C,M,20180401,2018,4,201804,97,EUR,European Union,M,Import,156,CHN,China,0,W00,World,H5,HS,True,3924,"Tableware, kitchenware, other household articles and hygienic or toilet articles, of plastics",4,False,C00,TOTAL CPC,0,0,TOTAL MOT,8,kg,16060248.0,False,8,kg,16060248.0,False,16060248.0,False,0.0,False,83994179.432,,83994179.432,0,False,True
C,M,20180401,2018,4,201804,97,EUR,European Union,M,Import,156,CHN,China,0,W00,World,H5,HS,True,3926,"Articles of plastics and articles of other materials of heading no. 3901 to 3914, n.e.c. in chapter 39",4,False,C00,TOTAL CPC,0,0,TOTAL MOT,8,kg,56665953.0,False,8,kg,56665953.0,False,56665953.0,False,0.0,False,335091894.812,,335091894.812,0,False,True
C,M,20180401,2018,4,201804,97,EUR,European Union,M,Import,156,CHN,China,0,W00,World,H5,HS,True,8414,"Air or vacuum pumps, air or other gas compressors and fans; ventilating or recycling hoods incorporating a fan whether or not fitted with filters",4,False,C00,TOTAL CPC,0,0,TOTAL MOT,-1,N/A,0.0,True,-1,N/A,0.0,False,41597061.216,True,0.0,False,238745188.15,,238745188.15,6,False,True
C,M,20180401,2018,4,201804,97,EUR,European Union,M,Import,156,CHN,China,0,W00,World,H5,HS,True,8415,"Air conditioning machines; comprising a motor driven fan and elements for changing the temperature and humidity, including those machines in which the humidity cannot be separately regulated",4,False,C00,TOTAL CPC,0,0,TOTAL MOT,-1,N/A,0.0,True,-1,N/A,0.0,False,37936121.0,False,0.0,False,287188871.131,,287188871.131,2,False,True
C,M,20180401,2018,4,201804,97,EUR,European Union,M,Import,156,CHN,China,0,W00,World,H5,HS,True,8418,"Refrigerators, freezers and other refrigerating or freezing equipment, electric or other; heat pumps other than air conditioning machines of heading no. 8415",4,False,C00,TOTAL CPC,0,0,TOTAL MOT,-1,N/A,0.0,True,-1,N/A,0.0,False,44568225.0,False,0.0,False,199374703.664,,199374703.664,2,False,True
C,M,20180401,2018,4,201804,97,EUR,European Union,M,Import,156,CHN,China,0,W00,World,H5,HS,True,8450,Household or laundry-type washing machines; including machines which both wash and dry,4,False,C00,TOTAL CPC,0,0,TOTAL MOT,-1,N/A,0.0,False,-1,N/A,0.0,False,19640010.0,False,0.0,False,65394089.679,,65394089.679,0,False,True
C,M,20180401,2018,4,201804,97,EUR,European Union,M,Import,156,CHN,China,0,W00,World,H5,HS,True,8508,Vacuum cleaners,4,False,C00,TOTAL CPC,0,0,TOTAL MOT,-1,N/A,0.0,False,-1,N/A,0.0,False,11533356.0,False,0.0,False,127060024.184,,127060024.184,0,False,True
C,M,20180401,2018,4,201804,97,EUR,European Union,M,Import,156,CHN,China,0,W00,World,H5,HS,True,8509,"Electro-mechanical domestic appliances; with self-contained electric motor, other than vacuum cleaners of heading 85.08.",4,False,C00,TOTAL CPC,0,0,TOTAL MOT,-1,N/A,0.0,True,-1,N/A,0.0,False,10998190.0,False,0.0,False,114154321.966,,114154321.966,2,False,True
C,M,20180401,2018,4,201804,97,EUR,European Union,M,Import,156,CHN,China,0,W00,World,H5,HS,True,8516,"Electric water, space, soil heaters; electro-thermic hair-dressing apparatus; hand dryers, irons; electro-thermic appliances for domestic purposes; electro heating resistors, not of heading no. 8545",4,False,C00,TOTAL CPC,0,0,TOTAL MOT,-1,N/A,0.0,True,-1,N/A,0.0,False,44402904.0,False,0.0,False,306465874.839,,306465874.839,2,False,True
C,M,20180401,2018,4,201804,97,EUR,European Union,M,Import,156,CHN,China,0,W00,World,H5,HS,True,9401,"Seats (not those of heading no. 9402), whether or not convertible into beds and parts thereof",4,False,C00,TOTAL CPC,0,0,TOTAL MOT,-1,N/A,0.0,True,-1,N/A,0.0,False,101779580.0,False,0.0,False,435396888.166,,435396888.166,2,False,True
C,M,20180401,2018,4,201804,97,EUR,European Union,M,Import,156,CHN,China,0,W00,World,H5,HS,True,9403,"Furniture and parts thereof, n.e.c. in chapter 94",4,False,C00,TOTAL CPC,0,0,TOTAL MOT,-1,N/A,0.0,True,-1,N/A,0.0,False,115878639.0,False,0.0,False,334087697.155,,334087697.155,2,False,True
C,M,20180401,2018,4,201804,97,EUR,European Union,M,Import,156,CHN,China,0,W00,World,H5,HS,True,9405,"Lamps, light fittings; including searchlights, spotlights and parts thereof, n.e.c.; illuminated signs, name-plates and the like, having permanently fixed light source and parts thereof n.e.c. or included",4,False,C00,TOTAL CPC,0,0,TOTAL MOT,8,kg,40543304.615,True,-1,N/A,0.0,False,40543304.615,True,0.0,False,426147192.079,,426147192.079,6,False,True
C,M,20180401,2018,4,201804,97,EUR,European Union,M,Import,156,CHN,China,0,W00,World,H5,HS,True,9503,"Tricycles, scooters, pedal cars and similar wheeled toys; dolls' carriages; dolls; other toys; reduced-size (scale) models and similar recreational models, working or not; puzzles of all kinds",4,False,C00,TOTAL CPC,0,0,TOTAL MOT,8,kg,37473468.261,True,-1,N/A,0.0,False,37473468.261,True,0.0,False,329152155.6,,329152155.6,6,False,True
C,M,20180501,2018,5,201805,97,EUR,European Union,M,Import,156,CHN,China,0,W00,World,H5,HS,True,3923,"Plastic articles for the conveyance or packing of goods; stoppers, lids, caps and other closures of plastics",4,False,C00,TOTAL CPC,0,0,TOTAL MOT,8,kg,28045887.835,True,-1,N/A,0.0,False,28045887.835,True,0.0,False,135951253.54,,135951253.54,6,False,True
C,M,20180501,2018,5,201805,97,EUR,European Union,M,Import,156,CHN,China,0,W00,World,H5,HS,True,3924,"Tableware, kitchenware, other household articles and hygienic or toilet articles, of plastics",4,False,C00,TOTAL CPC,0,0,TOTAL MOT,8,kg,22547089.0,False,8,kg,22547089.0,False,22547089.0,False,0.0,False,105234119.956,,105234119.956,0,False,True
C,M,20180501,2018,5,201805,97,EUR,European Union,M,Import,156,CHN,China,0,W00,World,H5,HS,True,3926,"Articles of plastics and articles of other materials of heading no. 3901 to 3914, n.e.c. in chapter 39",4,False,C00,TOTAL CPC,0,0,TOTAL MOT,8,kg,73906952.723,True,-1,N/A,0.0,False,73906952.723,True,0.0,False,395800124.077,,395800124.077,6,False,True
C,M,20180501,2018,5,201805,97,EUR,European Union,M,Import,156,CHN,China,0,W00,World,H5,HS,True,8414,"Air or vacuum pumps, air or other gas compressors and fans; ventilating or recycling hoods incorporating a fan whether or not fitted with filters",4,False,C00,TOTAL CPC,0,0,TOTAL MOT,-1,N/A,0.0,True,-1,N/A,0.0,False,51555776.962,True,0.0,False,272457307.443,,272457307.443,6,False,True
C,M,20180501,2018,5,201805,97,EUR,European Union,M,Import,156,CHN,China,0,W00,World,H5,HS,True,8415,"Air conditioning machines; comprising a motor driven fan and elements for changing the temperature and humidity, including those machines in which the humidity cannot be separately regulated",4,False,C00,TOTAL CPC,0,0,TOTAL MOT,-1,N/A,0.0,True,-1,N/A,0.0,False,45015723.0,False,0.0,False,323494904.537,,323494904.537,2,False,True
C,M,20180501,2018,5,201805,97,EUR,European Union,M,Import,156,CHN,China,0,W00,World,H5,HS,True,8418,"Refrigerators, freezers and other refrigerating or freezing equipment, electric or other; heat pumps other than air conditioning machines of heading no. 8415",4,False,C00,TOTAL CPC,0,0,TOTAL MOT,-1,N/A,0.0,True,-1,N/A,0.0,False,59885126.0,False,0.0,False,248349003.147,,248349003.147,2,False,True
C,M,20180501,2018,5,201805,97,EUR,European Union,M,Import,156,CHN,China,0,W00,World,H5,HS,True,8450,Household or laundry-type washing machines; including machines which both wash and dry,4,False,C00,TOTAL CPC,0,0,TOTAL MOT,-1,N/A,0.0,False,-1,N/A,0.0,False,22386833.0,False,0.0,False,71074558.814,,71074558.814,0,False,True
C,M,20180501,2018,5,201805,97,EUR,European Union,M,Import,156,CHN,China,0,W00,World,H5,HS,True,8508,Vacuum cleaners,4,False,C00,TOTAL CPC,0,0,TOTAL MOT,-1,N/A,0.0,False,-1,N/A,0.0,False,16397015.0,False,0.0,False,144974080.943,,144974080.943,0,False,True
C,M,20180501,2018,5,201805,97,EUR,European Union,M,Import,156,CHN,China,0,W00,World,H5,HS,True,8509,"Electro-mechanical domestic appliances; with self-contained electric motor, other than vacuum cleaners of heading 85.08.",4,False,C00,TOTAL CPC,0,0,TOTAL MOT,-1,N/A,0.0,True,-1,N/A,0.0,False,14326602.404,True,0.0,False,128471832.19,,128471832.19,6,False,True
C,M,20180501,2018,5,201805,97,EUR,European Union,M,Import,156,CHN,China,0,W00,World,H5,HS,True,8516,"Electric water, space, soil heaters; electro-thermic hair-dressing apparatus; hand dryers, irons; electro-thermic appliances for domestic purposes; electro heating resistors, not of heading no. 8545",4,False,C00,TOTAL CPC,0,0,TOTAL MOT,-1,N/A,0.0,True,-1,N/A,0.0,False,61250390.608,True,0.0,False,376646310.82,,376646310.82,6,False,True
C,M,20180501,2018,5,201805,97,EUR,European Union,M,Import,156,CHN,China,0,W00,World,H5,HS,True,9401,"Seats (not those of heading no. 9402), whether or not convertible into beds and parts thereof",4,False,C00,TOTAL CPC,0,0,TOTAL MOT,-1,N/A,0.0,True,-1,N/A,0.0,False,134617641.246,True,0.0,False,530410789.916,,530410789.916,6,False,True
C,M,20180501,2018,5,201805,97,EUR,European Union,M,Import,156,CHN,China,0,W00,World,H5,HS,True,9403,"Furniture and parts thereof, n.e.c. in chapter 94",4,False,C00,TOTAL CPC,0,0,TOTAL MOT,-1,N/A,0.0,True,-1,N/A,0.0,False,155007018.0,False,0.0,False,417268203.611,,417268203.611,2,False,True
C,M,20180501,2018,5,201805,97,EUR,European Union,M,Import,156,CHN,China,0,W00,World,H5,HS,True,9405,"Lamps, light fittings; including searchlights, spotlights and parts thereof, n.e.c.; illuminated signs, name-plates and the like, having permanently fixed light source and parts thereof n.e.c. or included",4,False,C00,TOTAL CPC,0,0,TOTAL MOT,8,kg,56778124.896,True,-1,N/A,0.0,False,56778124.896,True,0.0,False,546351657.714,,546351657.714,6,False,True
C,M,20180501,2018,5,201805,97,EUR,European Union,M,Import,156,CHN,China,0,W00,World,H5,HS,True,9503,"Tricycles, scooters, pedal cars and similar wheeled toys; dolls' carriages; dolls; other toys; reduced-size (scale) models and similar recreational models, working or not; puzzles of all kinds",4,False,C00,TOTAL CPC,0,0,TOTAL MOT,8,kg,50939167.162,True,-1,N/A,0.0,False,50939167.162,True,0.0,False,428893594.844,,428893594.844,6,False,True
C,M,20180601,2018,6,201806,97,EUR,European Union,M,Import,156,CHN,China,0,W00,World,H5,HS,True,3923,"Plastic articles for the conveyance or packing of goods; stoppers, lids, caps and other closures of plastics",4,False,C00,TOTAL CPC,0,0,TOTAL MOT,8,kg,28361934.897,True,-1,N/A,0.0,False,28361934.897,True,0.0,False,139135715.793,,139135715.793,6,False,True
C,M,20180601,2018,6,201806,97,EUR,European Union,M,Import,156,CHN,China,0,W00,World,H5,HS,True,3924,"Tableware, kitchenware, other household articles and hygienic or toilet articles, of plastics",4,False,C00,TOTAL CPC,0,0,TOTAL MOT,8,kg,24391550.0,False,8,kg,24391550.0,False,24391550.0,False,0.0,False,126780209.93,,126780209.93,0,False,True
C,M,20180601,2018,6,201806,97,EUR,European Union,M,Import,156,CHN,China,0,W00,World,H5,HS,True,3926,"Articles of plastics and articles of other materials of heading no. 3901 to 3914, n.e.c. in chapter 39",4,False,C00,TOTAL CPC,0,0,TOTAL MOT,8,kg,73345578.0,False,8,kg,73345578.0,False,73345578.0,False,0.0,False,405055282.807,,405055282.807,0,False,True
C,M,20180601,2018,6,201806,97,EUR,European Union,M,Import,156,CHN,China,0,W00,World,H5,HS,True,8414,"Air or vacuum pumps, air or other gas compressors and fans; ventilating or recycling hoods incorporating a fan whether or not fitted with filters",4,False,C00,TOTAL CPC,0,0,TOTAL MOT,-1,N/A,0.0,True,-1,N/A,0.0,False,44875023.632,True,0.0,False,253526026.129,,253526026.129,6,False,True
C,M,20180601,2018,6,201806,97,EUR,European Union,M,Import,156,CHN,China,0,W00,World,H5,HS,True,8415,"Air conditioning machines; comprising a motor driven fan and elements for changing the temperature and humidity, including those machines in which the humidity cannot be separately regulated",4,False,C00,TOTAL CPC,0,0,TOTAL MOT,-1,N/A,0.0,True,-1,N/A,0.0,False,39098893.0,False,0.0,False,288273595.013,,288273595.013,2,False,True
C,M,20180601,2018,6,201806,97,EUR,European Union,M,Import,156,CHN,China,0,W00,World,H5,HS,True,8418,"Refrigerators, freezers and other refrigerating or freezing equipment, electric or other; heat pumps other than air conditioning machines of heading no. 8415",4,False,C00,TOTAL CPC,0,0,TOTAL MOT,-1,N/A,0.0,True,-1,N/A,0.0,False,57675532.881,True,0.0,False,238513319.237,,238513319.237,6,False,True
C,M,20180601,2018,6,201806,97,EUR,European Union,M,Import,156,CHN,China,0,W00,World,H5,HS,True,8450,Household or laundry-type washing machines; including machines which both wash and dry,4,False,C00,TOTAL CPC,0,0,TOTAL MOT,-1,N/A,0.0,False,-1,N/A,0.0,False,21091065.0,False,0.0,False,63852433.285,,63852433.285,0,False,True
C,M,20180601,2018,6,201806,97,EUR,European Union,M,Import,156,CHN,China,0,W00,World,H5,HS,True,8508,Vacuum cleaners,4,False,C00,TOTAL CPC,0,0,TOTAL MOT,-1,N/A,0.0,False,-1,N/A,0.0,False,15202905.609,True,0.0,False,140947990.205,,140947990.205,4,False,True
C,M,20180601,2018,6,201806,97,EUR,European Union,M,Import,156,CHN,China,0,W00,World,H5,HS,True,8509,"Electro-mechanical domestic appliances; with self-contained electric motor, other than vacuum cleaners of heading 85.08.",4,False,C00,TOTAL CPC,0,0,TOTAL MOT,-1,N/A,0.0,True,-1,N/A,0.0,False,14003586.0,False,0.0,False,137258334.913,,137258334.913,2,False,True
C,M,20180601,2018,6,201806,97,EUR,European Union,M,Import,156,CHN,China,0,W00,World,H5,HS,True,8516,"Electric water, space, soil heaters; electro-thermic hair-dressing apparatus; hand dryers, irons; electro-thermic appliances for domestic purposes; electro heating resistors, not of heading no. 8545",4,False,C00,TOTAL CPC,0,0,TOTAL MOT,-1,N/A,0.0,True,-1,N/A,0.0,False,63870863.127,True,0.0,False,389629338.455,,389629338.455,6,False,True
C,M,20180601,2018,6,201806,97,EUR,European Union,M,Import,156,CHN,China,0,W00,World,H5,HS,True,9401,"Seats (not those of heading no. 9402), whether or not convertible into beds and parts thereof",4,False,C00,TOTAL CPC,0,0,TOTAL MOT,-1,N/A,0.0,True,-1,N/A,0.0,False,119362764.0,False,0.0,False,499484927.91,,499484927.91,2,False,True
C,M,20180601,2018,6,201806,97,EUR,European Union,M,Import,156,CHN,China,0,W00,World,H5,HS,True,9403,"Furniture and parts thereof, n.e.c. in chapter 94",4,False,C00,TOTAL CPC,0,0,TOTAL MOT,-1,N/A,0.0,True,-1,N/A,0.0,False,159991144.0,False,0.0,False,437376570.161,,437376570.161,2,False,True
C,M,20180601,2018,6,201806,97,EUR,European Union,M,Import,156,CHN,China,0,W00,World,H5,HS,True,9405,"Lamps, light fittings; including searchlights, spotlights and parts thereof, n.e.c.; illuminated signs, name-plates and the like, having permanently fixed light source and parts thereof n.e.c. or included",4,False,C00,TOTAL CPC,0,0,TOTAL MOT,8,kg,58758115.407,True,-1,N/A,0.0,False,58758115.407,True,0.0,False,595536458.6,,595536458.6,6,False,True
C,M,20180601,2018,6,201806,97,EUR,European Union,M,Import,156,CHN,China,0,W00,World,H5,HS,True,9503,"Tricycles, scooters, pedal cars and similar wheeled toys; dolls' carriages; dolls; other toys; reduced-size (scale) models and similar recreational models, working or not; puzzles of all kinds",4,False,C00,TOTAL CPC,0,0,TOTAL MOT,8,kg,49449025.467,True,-1,N/A,0.0,False,49449025.467,True,0.0,False,447592603.952,,447592603.952,6,False,True
C,M,20180701,2018,7,201807,97,EUR,European Union,M,Import,156,CHN,China,0,W00,World,H5,HS,True,3923,"Plastic articles for the conveyance or packing of goods; stoppers, lids, caps and other closures of plastics",4,False,C00,TOTAL CPC,0,0,TOTAL MOT,8,kg,28133885.046,True,-1,N/A,0.0,False,28133885.046,True,0.0,False,146147433.836,,146147433.836,6,False,True
C,M,20180701,2018,7,201807,97,EUR,European Union,M,Import,156,CHN,China,0,W00,World,H5,HS,True,3924,"Tableware, kitchenware, other household articles and hygienic or toilet articles, of plastics",4,False,C00,TOTAL CPC,0,0,TOTAL MOT,8,kg,25282579.0,False,8,kg,25282579.0,False,25282579.0,False,0.0,False,129222781.903,,129222781.903,0,False,True
C,M,20180701,2018,7,201807,97,EUR,European Union,M,Import,156,CHN,China,0,W00,World,H5,HS,True,3926,"Articles of plastics and articles of other materials of heading no. 3901 to 3914, n.e.c. in chapter 39",4,False,C00,TOTAL CPC,0,0,TOTAL MOT,8,kg,74390440.785,True,-1,N/A,0.0,False,74390440.785,True,0.0,False,441138596.735,,441138596.735,6,False,True
C,M,20180701,2018,7,201807,97,EUR,European Union,M,Import,156,CHN,China,0,W00,World,H5,HS,True,8414,"Air or vacuum pumps, air or other gas compressors and fans; ventilating or recycling hoods incorporating a fan whether or not fitted with filters",4,False,C00,TOTAL CPC,0,0,TOTAL MOT,-1,N/A,0.0,False,-1,N/A,0.0,False,43920604.307,True,0.0,False,239774490.04,,239774490.04,4,False,True
C,M,20180701,2018,7,201807,97,EUR,European Union,M,Import,156,CHN,China,0,W00,World,H5,HS,True,8415,"Air conditioning machines; comprising a motor driven fan and elements for changing the temperature and humidity, including those machines in which the humidity cannot be separately regulated",4,False,C00,TOTAL CPC,0,0,TOTAL MOT,-1,N/A,0.0,True,-1,N/A,0.0,False,27470458.645,True,0.0,False,221460286.784,,221460286.784,6,False,True
C,M,20180701,2018,7,201807,97,EUR,European Union,M,Import,156,CHN,China,0,W00,World,H5,HS,True,8418,"Refrigerators, freezers and other refrigerating or freezing equipment, electric or other; heat pumps other than air conditioning machines of heading no. 8415",4,False,C00,TOTAL CPC,0,0,TOTAL MOT,-1,N/A,0.0,True,-1,N/A,0.0,False,63411452.0,False,0.0,False,261271876.8,,261271876.8,2,False,True
C,M,20180701,2018,7,201807,97,EUR,European Union,M,Import,156,CHN,China,0,W00,World,H5,HS,True,8450,Household or laundry-type washing machines; including machines which both wash and dry,4,False,C00,TOTAL CPC,0,0,TOTAL MOT,-1,N/A,0.0,True,-1,N/A,0.0,False,22844518.798,True,0.0,False,71751175.661,,71751175.661,6,False,True
C,M,20180701,2018,7,201807,97,EUR,European Union,M,Import,156,CHN,China,0,W00,World,H5,HS,True,8508,Vacuum cleaners,4,False,C00,TOTAL CPC,0,0,TOTAL MOT,-1,N/A,0.0,True,-1,N/A,0.0,False,17701466.049,True,0.0,False,162086895.762,,162086895.762,6,False,True
C,M,20180701,2018,7,201807,97,EUR,European Union,M,Import,156,CHN,China,0,W00,World,H5,HS,True,8509,"Electro-mechanical domestic appliances; with self-contained electric motor, other than vacuum cleaners of heading 85.08.",4,False,C00,TOTAL CPC,0,0,TOTAL MOT,-1,N/A,0.0,True,-1,N/A,0.0,False,14602820.0,False,0.0,False,141482829.306,,141482829.306,2,False,True
C,M,20180701,2018,7,201807,97,EUR,European Union,M,Import,156,CHN,China,0,W00,World,H5,HS,True,8516,"Electric water, space, soil heaters; electro-thermic hair-dressing apparatus; hand dryers, irons; electro-thermic appliances for domestic purposes; electro heating resistors, not of heading no. 8545",4,False,C00,TOTAL CPC,0,0,TOTAL MOT,-1,N/A,0.0,True,-1,N/A,0.0,False,77932990.226,True,0.0,False,473051114.723,,473051114.723,6,False,True
C,M,20180701,2018,7,201807,97,EUR,European Union,M,Import,156,CHN,China,0,W00,World,H5,HS,True,9401,"Seats (not those of heading no. 9402), whether or not convertible into beds and parts thereof",4,False,C00,TOTAL CPC,0,0,TOTAL MOT,-1,N/A,0.0,True,-1,N/A,0.0,False,118670231.016,True,0.0,False,500313394.618,,500313394.618,6,False,True
C,M,20180701,2018,7,201807,97,EUR,European Union,M,Import,156,CHN,China,0,W00,World,H5,HS,True,9403,"Furniture and parts thereof, n.e.c. in chapter 94",4,False,C00,TOTAL CPC,0,0,TOTAL MOT,-1,N/A,0.0,True,-1,N/A,0.0,False,166070303.0,False,0.0,False,457333595.193,,457333595.193,2,False,True
C,M,20180701,2018,7,201807,97,EUR,European Union,M,Import,156,CHN,China,0,W00,World,H5,HS,True,9405,"Lamps, light fittings; including searchlights, spotlights and parts thereof, n.e.c.; illuminated signs, name-plates and the like, having permanently fixed light source and parts thereof n.e.c. or included",4,False,C00,TOTAL CPC,0,0,TOTAL MOT,8,kg,67547293.091,True,-1,N/A,0.0,False,67547293.091,True,0.0,False,693479009.33,,693479009.33,6,False,True
C,M,20180701,2018,7,201807,97,EUR,European Union,M,Import,156,CHN,China,0,W00,World,H5,HS,True,9503,"Tricycles, scooters, pedal cars and similar wheeled toys; dolls' carriages; dolls; other toys; reduced-size (scale) models and similar recreational models, working or not; puzzles of all kinds",4,False,C00,TOTAL CPC,0,0,TOTAL MOT,8,kg,59472571.322,True,-1,N/A,0.0,False,59472571.322,True,0.0,False,567587358.115,,567587358.115,6,False,True
C,M,20180801,2018,8,201808,97,EUR,European Union,M,Import,156,CHN,China,0,W00,World,H5,HS,True,3923,"Plastic articles for the conveyance or packing of goods; stoppers, lids, caps and other closures of plastics",4,False,C00,TOTAL CPC,0,0,TOTAL MOT,8,kg,27238964.691,True,-1,N/A,0.0,False,27238964.691,True,0.0,False,138876807.589,,138876807.589,6,False,True
C,M,20180801,2018,8,201808,97,EUR,European Union,M,Import,156,CHN,China,0,W00,World,H5,HS,True,3924,"Tableware, kitchenware, other household articles and hygienic or toilet articles, of plastics",4,False,C00,TOTAL CPC,0,0,TOTAL MOT,8,kg,23149394.0,False,8,kg,23149394.0,False,23149394.0,False,0.0,False,119332590.353,,119332590.353,0,False,True
C,M,20180801,2018,8,201808,97,EUR,European Union,M,Import,156,CHN,China,0,W00,World,H5,HS,True,3926,"Articles of plastics and articles of other materials of heading no. 3901 to 3914, n.e.c. in chapter 39",4,False,C00,TOTAL CPC,0,0,TOTAL MOT,8,kg,71096649.558,True,-1,N/A,0.0,False,71096649.558,True,0.0,False,414246689.706,,414246689.706,6,False,True
C,M,20180801,2018,8,201808,97,EUR,European Union,M,Import,156,CHN,China,0,W00,World,H5,HS,True,8414,"Air or vacuum pumps, air or other gas compressors and fans; ventilating or recycling hoods incorporating a fan whether or not fitted with filters",4,False,C00,TOTAL CPC,0,0,TOTAL MOT,-1,N/A,0.0,True,-1,N/A,0.0,False,35284850.569,True,0.0,False,208626242.2,,208626242.2,6,False,True
C,M,20180801,2018,8,201808,97,EUR,European Union,M,Import,156,CHN,China,0,W00,World,H5,HS,True,8415,"Air conditioning machines; comprising a motor driven fan and elements for changing the temperature and humidity, including those machines in which the humidity cannot be separately regulated",4,False,C00,TOTAL CPC,0,0,TOTAL MOT,-1,N/A,0.0,True,-1,N/A,0.0,False,15872083.39,True,0.0,False,140258630.259,,140258630.259,6,False,True
C,M,20180801,2018,8,201808,97,EUR,European Union,M,Import,156,CHN,China,0,W00,World,H5,HS,True,8418,"Refrigerators, freezers and other refrigerating or freezing equipment, electric or other; heat pumps other than air conditioning machines of heading no. 8415",4,False,C00,TOTAL CPC,0,0,TOTAL MOT,-1,N/A,0.0,True,-1,N/A,0.0,False,54462076.0,False,0.0,False,223089517.582,,223089517.582,2,False,True
C,M,20180801,2018,8,201808,97,EUR,European Union,M,Import,156,CHN,China,0,W00,World,H5,HS,True,8450,Household or laundry-type washing machines; including machines which both wash and dry,4,False,C00,TOTAL CPC,0,0,TOTAL MOT,-1,N/A,0.0,True,-1,N/A,0.0,False,19887263.171,True,0.0,False,62463434.81,,62463434.81,6,False,True
C,M,20180801,2018,8,201808,97,EUR,European Union,M,Import,156,CHN,China,0,W00,World,H5,HS,True,8508,Vacuum cleaners,4,False,C00,TOTAL CPC,0,0,TOTAL MOT,-1,N/A,0.0,False,-1,N/A,0.0,False,19100010.0,False,0.0,False,166613314.248,,166613314.248,0,False,True
C,M,20180801,2018,8,201808,97,EUR,European Union,M,Import,156,CHN,China,0,W00,World,H5,HS,True,8509,"Electro-mechanical domestic appliances; with self-contained electric motor, other than vacuum cleaners of heading 85.08.",4,False,C00,TOTAL CPC,0,0,TOTAL MOT,-1,N/A,0.0,True,-1,N/A,0.0,False,15855793.525,True,0.0,False,161633540.129,,161633540.129,6,False,True
C,M,20180801,2018,8,201808,97,EUR,European Union,M,Import,156,CHN,China,0,W00,World,H5,HS,True,8516,"Electric water, space, soil heaters; electro-thermic hair-dressing apparatus; hand dryers, irons; electro-thermic appliances for domestic purposes; electro heating resistors, not of heading no. 8545",4,False,C00,TOTAL CPC,0,0,TOTAL MOT,-1,N/A,0.0,True,-1,N/A,0.0,False,83849257.304,True,0.0,False,501490294.903,,501490294.903,6,False,True
C,M,20180801,2018,8,201808,97,EUR,European Union,M,Import,156,CHN,China,0,W00,World,H5,HS,True,9401,"Seats (not those of heading no. 9402), whether or not convertible into beds and parts thereof",4,False,C00,TOTAL CPC,0,0,TOTAL MOT,-1,N/A,0.0,True,-1,N/A,0.0,False,96358748.0,False,0.0,False,404764745.244,,404764745.244,2,False,True
C,M,20180801,2018,8,201808,97,EUR,European Union,M,Import,156,CHN,China,0,W00,World,H5,HS,True,9403,"Furniture and parts thereof, n.e.c. in chapter 94",4,False,C00,TOTAL CPC,0,0,TOTAL MOT,-1,N/A,0.0,True,-1,N/A,0.0,False,151502137.486,True,0.0,False,404836347.641,,404836347.641,6,False,True
C,M,20180801,2018,8,201808,97,EUR,European Union,M,Import,156,CHN,China,0,W00,World,H5,HS,True,9405,"Lamps, light fittings; including searchlights, spotlights and parts thereof, n.e.c.; illuminated signs, name-plates and the like, having permanently fixed light source and parts thereof n.e.c. or included",4,False,C00,TOTAL CPC,0,0,TOTAL MOT,8,kg,74258712.451,True,-1,N/A,0.0,False,74258712.451,True,0.0,False,735580247.7,,735580247.7,6,False,True
C,M,20180801,2018,8,201808,97,EUR,European Union,M,Import,156,CHN,China,0,W00,World,H5,HS,True,9503,"Tricycles, scooters, pedal cars and similar wheeled toys; dolls' carriages; dolls; other toys; reduced-size (scale) models and similar recreational models, working or not; puzzles of all kinds",4,False,C00,TOTAL CPC,0,0,TOTAL MOT,8,kg,77011473.483,True,-1,N/A,0.0,False,77011473.483,True,0.0,False,739474723.317,,739474723.317,6,False,True
C,M,20180901,2018,9,201809,97,EUR,European Union,M,Import,156,CHN,China,0,W00,World,H5,HS,True,3923,"Plastic articles for the conveyance or packing of goods; stoppers, lids, caps and other closures of plastics",4,False,C00,TOTAL CPC,0,0,TOTAL MOT,8,kg,25089268.0,False,-1,N/A,0.0,False,25089268.0,False,0.0,False,131475312.629,,131475312.629,0,False,True
C,M,20180901,2018,9,201809,97,EUR,European Union,M,Import,156,CHN,China,0,W00,World,H5,HS,True,3924,"Tableware, kitchenware, other household articles and hygienic or toilet articles, of plastics",4,False,C00,TOTAL CPC,0,0,TOTAL MOT,8,kg,20590190.0,False,8,kg,20590190.0,False,20590190.0,False,0.0,False,109273967.336,,109273967.336,0,False,True
C,M,20180901,2018,9,201809,97,EUR,European Union,M,Import,156,CHN,China,0,W00,World,H5,HS,True,3926,"Articles of plastics and articles of other materials of heading no. 3901 to 3914, n.e.c. in chapter 39",4,False,C00,TOTAL CPC,0,0,TOTAL MOT,8,kg,60707787.472,True,-1,N/A,0.0,False,60707787.472,True,0.0,False,399709180.388,,399709180.388,6,False,True
C,M,20180901,2018,9,201809,97,EUR,European Union,M,Import,156,CHN,China,0,W00,World,H5,HS,True,8414,"Air or vacuum pumps, air or other gas compressors and fans; ventilating or recycling hoods incorporating a fan whether or not fitted with filters",4,False,C00,TOTAL CPC,0,0,TOTAL MOT,-1,N/A,0.0,True,-1,N/A,0.0,False,29773252.096,True,0.0,False,181284377.911,,181284377.911,6,False,True
C,M,20180901,2018,9,201809,97,EUR,European Union,M,Import,156,CHN,China,0,W00,World,H5,HS,True,8415,"Air conditioning machines; comprising a motor driven fan and elements for changing the temperature and humidity, including those machines in which the humidity cannot be separately regulated",4,False,C00,TOTAL CPC,0,0,TOTAL MOT,-1,N/A,0.0,True,-1,N/A,0.0,False,11894427.0,False,0.0,False,108342370.751,,108342370.751,2,False,True
C,M,20180901,2018,9,201809,97,EUR,European Union,M,Import,156,CHN,China,0,W00,World,H5,HS,True,8418,"Refrigerators, freezers and other refrigerating or freezing equipment, electric or other; heat pumps other than air conditioning machines of heading no. 8415",4,False,C00,TOTAL CPC,0,0,TOTAL MOT,-1,N/A,0.0,True,-1,N/A,0.0,False,47289978.784,True,0.0,False,194146643.986,,194146643.986,6,False,True
C,M,20180901,2018,9,201809,97,EUR,European Union,M,Import,156,CHN,China,0,W00,World,H5,HS,True,8450,Household or laundry-type washing machines; including machines which both wash and dry,4,False,C00,TOTAL CPC,0,0,TOTAL MOT,-1,N/A,0.0,False,-1,N/A,0.0,False,20408099.392,True,0.0,False,65870056.592,,65870056.592,4,False,True
C,M,20180901,2018,9,201809,97,EUR,European Union,M,Import,156,CHN,China,0,W00,World,H5,HS,True,8508,Vacuum cleaners,4,False,C00,TOTAL CPC,0,0,TOTAL MOT,-1,N/A,0.0,True,-1,N/A,0.0,False,17206628.483,True,0.0,False,156846129.147,,156846129.147,6,False,True
C,M,20180901,2018,9,201809,97,EUR,European Union,M,Import,156,CHN,China,0,W00,World,H5,HS,True,8509,"Electro-mechanical domestic appliances; with self-contained electric motor, other than vacuum cleaners of heading 85.08.",4,False,C00,TOTAL CPC,0,0,TOTAL MOT,-1,N/A,0.0,True,-1,N/A,0.0,False,14849960.0,False,0.0,False,174719913.066,,174719913.066,2,False,True
C,M,20180901,2018,9,201809,97,EUR,European Union,M,Import,156,CHN,China,0,W00,World,H5,HS,True,8516,"Electric water, space, soil heaters; electro-thermic hair-dressing apparatus; hand dryers, irons; electro-thermic appliances for domestic purposes; electro heating resistors, not of heading no. 8545",4,False,C00,TOTAL CPC,0,0,TOTAL MOT,-1,N/A,0.0,True,-1,N/A,0.0,False,89870926.675,True,0.0,False,555148372.596,,555148372.596,6,False,True
C,M,20180901,2018,9,201809,97,EUR,European Union,M,Import,156,CHN,China,0,W00,World,H5,HS,True,9401,"Seats (not those of heading no. 9402), whether or not convertible into beds and parts thereof",4,False,C00,TOTAL CPC,0,0,TOTAL MOT,-1,N/A,0.0,True,-1,N/A,0.0,False,85164110.0,False,0.0,False,361500044.765,,361500044.765,2,False,True
C,M,20180901,2018,9,201809,97,EUR,European Union,M,Import,156,CHN,China,0,W00,World,H5,HS,True,9403,"Furniture and parts thereof, n.e.c. in chapter 94",4,False,C00,TOTAL CPC,0,0,TOTAL MOT,-1,N/A,0.0,True,-1,N/A,0.0,False,126476993.579,True,0.0,False,339993793.498,,339993793.498,6,False,True
C,M,20180901,2018,9,201809,97,EUR,European Union,M,Import,156,CHN,China,0,W00,World,H5,HS,True,9405,"Lamps, light fittings; including searchlights, spotlights and parts thereof, n.e.c.; illuminated signs, name-plates and the like, having permanently fixed light source and parts thereof n.e.c. or included",4,False,C00,TOTAL CPC,0,0,TOTAL MOT,8,kg,78760870.713,True,-1,N/A,0.0,False,78760870.713,True,0.0,False,788987016.429,,788987016.429,6,False,True
C,M,20180901,2018,9,201809,97,EUR,European Union,M,Import,156,CHN,China,0,W00,World,H5,HS,True,9503,"Tricycles, scooters, pedal cars and similar wheeled toys; dolls' carriages; dolls; other toys; reduced-size (scale) models and similar recreational models, working or not; puzzles of all kinds",4,False,C00,TOTAL CPC,0,0,TOTAL MOT,8,kg,98091436.942,True,-1,N/A,0.0,False,98091436.942,True,0.0,False,916463928.926,,916463928.926,6,False,True
C,M,20181001,2018,10,201810,97,EUR,European Union,M,Import,156,CHN,China,0,W00,World,H5,HS,True,3923,"Plastic articles for the conveyance or packing of goods; stoppers, lids, caps and other closures of plastics",4,False,C00,TOTAL CPC,0,0,TOTAL MOT,8,kg,29794981.056,True,-1,N/A,0.0,False,29794981.056,True,0.0,False,149345066.893,,149345066.893,6,False,True
C,M,20181001,2018,10,201810,97,EUR,European Union,M,Import,156,CHN,China,0,W00,World,H5,HS,True,3924,"Tableware, kitchenware, other household articles and hygienic or toilet articles, of plastics",4,False,C00,TOTAL CPC,0,0,TOTAL MOT,8,kg,23127787.872,True,-1,N/A,0.0,False,23127787.872,True,0.0,False,117335447.657,,117335447.657,6,False,True
C,M,20181001,2018,10,201810,97,EUR,European Union,M,Import,156,CHN,China,0,W00,World,H5,HS,True,3926,"Articles of plastics and articles of other materials of heading no. 3901 to 3914, n.e.c. in chapter 39",4,False,C00,TOTAL CPC,0,0,TOTAL MOT,8,kg,70731392.563,True,-1,N/A,0.0,False,70731392.563,True,0.0,False,448351157.135,,448351157.135,6,False,True
C,M,20181001,2018,10,201810,97,EUR,European Union,M,Import,156,CHN,China,0,W00,World,H5,HS,True,8414,"Air or vacuum pumps, air or other gas compressors and fans; ventilating or recycling hoods incorporating a fan whether or not fitted with filters",4,False,C00,TOTAL CPC,0,0,TOTAL MOT,-1,N/A,0.0,True,-1,N/A,0.0,False,35500246.976,True,0.0,False,226529710.489,,226529710.489,6,False,True
C,M,20181001,2018,10,201810,97,EUR,European Union,M,Import,156,CHN,China,0,W00,World,H5,HS,True,8415,"Air conditioning machines; comprising a motor driven fan and elements for changing the temperature and humidity, including those machines in which the humidity cannot be separately regulated",4,False,C00,TOTAL CPC,0,0,TOTAL MOT,-1,N/A,0.0,True,-1,N/A,0.0,False,12255621.0,False,0.0,False,113206989.303,,113206989.303,2,False,True
C,M,20181001,2018,10,201810,97,EUR,European Union,M,Import,156,CHN,China,0,W00,World,H5,HS,True,8418,"Refrigerators, freezers and other refrigerating or freezing equipment, electric or other; heat pumps other than air conditioning machines of heading no. 8415",4,False,C00,TOTAL CPC,0,0,TOTAL MOT,-1,N/A,0.0,True,-1,N/A,0.0,False,58425217.0,False,0.0,False,238312227.621,,238312227.621,2,False,True
C,M,20181001,2018,10,201810,97,EUR,European Union,M,Import,156,CHN,China,0,W00,World,H5,HS,True,8450,Household or laundry-type washing machines; including machines which both wash and dry,4,False,C00,TOTAL CPC,0,0,TOTAL MOT,-1,N/A,0.0,False,-1,N/A,0.0,False,28366905.0,False,0.0,False,92112715.148,,92112715.148,0,False,True
C,M,20181001,2018,10,201810,97,EUR,European Union,M,Import,156,CHN,China,0,W00,World,H5,HS,True,8508,Vacuum cleaners,4,False,C00,TOTAL CPC,0,0,TOTAL MOT,-1,N/A,0.0,False,-1,N/A,0.0,False,23446996.0,False,0.0,False,236322229.275,,236322229.275,0,False,True
C,M,20181001,2018,10,201810,97,EUR,European Union,M,Import,156,CHN,China,0,W00,World,H5,HS,True,8509,"Electro-mechanical domestic appliances; with self-contained electric motor, other than vacuum cleaners of heading 85.08.",4,False,C00,TOTAL CPC,0,0,TOTAL MOT,-1,N/A,0.0,True,-1,N/A,0.0,False,20830946.0,False,0.0,False,230075889.758,,230075889.758,2,False,True
C,M,20181001,2018,10,201810,97,EUR,European Union,M,Import,156,CHN,China,0,W00,World,H5,HS,True,8516,"Electric water, space, soil heaters; electro-thermic hair-dressing apparatus; hand dryers, irons; electro-thermic appliances for domestic purposes; electro heating resistors, not of heading no. 8545",4,False,C00,TOTAL CPC,0,0,TOTAL MOT,-1,N/A,0.0,True,-1,N/A,0.0,False,112017553.0,False,0.0,False,677292783.952,,677292783.952,2,False,True
C,M,20181001,2018,10,201810,97,EUR,European Union,M,Import,156,CHN,China,0,W00,World,H5,HS,True,9401,"Seats (not those of heading no. 9402), whether or not convertible into beds and parts thereof",4,False,C00,TOTAL CPC,0,0,TOTAL MOT,-1,N/A,0.0,True,-1,N/A,0.0,False,110098003.0,False,0.0,False,459847163.242,,459847163.242,2,False,True
C,M,20181001,2018,10,201810,97,EUR,European Union,M,Import,156,CHN,China,0,W00,World,H5,HS,True,9403,"Furniture and parts thereof, n.e.c. in chapter 94",4,False,C00,TOTAL CPC,0,0,TOTAL MOT,-1,N/A,0.0,True,-1,N/A,0.0,False,157160025.634,True,0.0,False,410104883.76,,410104883.76,6,False,True
C,M,20181001,2018,10,201810,97,EUR,European Union,M,Import,156,CHN,China,0,W00,World,H5,HS,True,9405,"Lamps, light fittings; including searchlights, spotlights and parts thereof, n.e.c.; illuminated signs, name-plates and the like, having permanently fixed light source and parts thereof n.e.c. or included",4,False,C00,TOTAL CPC,0,0,TOTAL MOT,8,kg,86466789.0,False,8,kg,86466789.0,False,86466789.0,False,0.0,False,839099925.738,,839099925.738,0,False,True
C,M,20181001,2018,10,201810,97,EUR,European Union,M,Import,156,CHN,China,0,W00,World,H5,HS,True,9503,"Tricycles, scooters, pedal cars and similar wheeled toys; dolls' carriages; dolls; other toys; reduced-size (scale) models and similar recreational models, working or not; puzzles of all kinds",4,False,C00,TOTAL CPC,0,0,TOTAL MOT,8,kg,111197179.148,True,-1,N/A,0.0,False,111197179.148,True,0.0,False,1042541896.787,,1042541896.787,6,False,True
C,M,20181101,2018,11,201811,97,EUR,European Union,M,Import,156,CHN,China,0,W00,World,H5,HS,True,3923,"Plastic articles for the conveyance or packing of goods; stoppers, lids, caps and other closures of plastics",4,False,C00,TOTAL CPC,0,0,TOTAL MOT,8,kg,25221245.54,True,-1,N/A,0.0,False,25221245.54,True,0.0,False,128896643.666,,128896643.666,6,False,True
C,M,20181101,2018,11,201811,97,EUR,European Union,M,Import,156,CHN,China,0,W00,World,H5,HS,True,3924,"Tableware, kitchenware, other household articles and hygienic or toilet articles, of plastics",4,False,C00,TOTAL CPC,0,0,TOTAL MOT,8,kg,20096098.0,False,8,kg,20096098.0,False,20096098.0,False,0.0,False,102710585.494,,102710585.494,0,False,True
C,M,20181101,2018,11,201811,97,EUR,European Union,M,Import,156,CHN,China,0,W00,World,H5,HS,True,3926,"Articles of plastics and articles of other materials of heading no. 3901 to 3914, n.e.c. in chapter 39",4,False,C00,TOTAL CPC,0,0,TOTAL MOT,8,kg,59838085.341,True,-1,N/A,0.0,False,59838085.341,True,0.0,False,399831889.871,,399831889.871,6,False,True
C,M,20181101,2018,11,201811,97,EUR,European Union,M,Import,156,CHN,China,0,W00,World,H5,HS,True,8414,"Air or vacuum pumps, air or other gas compressors and fans; ventilating or recycling hoods incorporating a fan whether or not fitted with filters",4,False,C00,TOTAL CPC,0,0,TOTAL MOT,-1,N/A,0.0,False,-1,N/A,0.0,False,26241085.224,True,0.0,False,176432920.387,,176432920.387,4,False,True
C,M,20181101,2018,11,201811,97,EUR,European Union,M,Import,156,CHN,China,0,W00,World,H5,HS,True,8415,"Air conditioning machines; comprising a motor driven fan and elements for changing the temperature and humidity, including those machines in which the humidity cannot be separately regulated",4,False,C00,TOTAL CPC,0,0,TOTAL MOT,-1,N/A,0.0,True,-1,N/A,0.0,False,9446174.0,False,0.0,False,86145608.128,,86145608.128,2,False,True
C,M,20181101,2018,11,201811,97,EUR,European Union,M,Import,156,CHN,China,0,W00,World,H5,HS,True,8418,"Refrigerators, freezers and other refrigerating or freezing equipment, electric or other; heat pumps other than air conditioning machines of heading no. 8415",4,False,C00,TOTAL CPC,0,0,TOTAL MOT,-1,N/A,0.0,True,-1,N/A,0.0,False,52489669.815,True,0.0,False,211479635.756,,211479635.756,6,False,True
C,M,20181101,2018,11,201811,97,EUR,European Union,M,Import,156,CHN,China,0,W00,World,H5,HS,True,8450,Household or laundry-type washing machines; including machines which both wash and dry,4,False,C00,TOTAL CPC,0,0,TOTAL MOT,-1,N/A,0.0,False,-1,N/A,0.0,False,24552450.0,False,0.0,False,80513922.348,,80513922.348,0,False,True
C,M,20181101,2018,11,201811,97,EUR,European Union,M,Import,156,CHN,China,0,W00,World,H5,HS,True,8508,Vacuum cleaners,4,False,C00,TOTAL CPC,0,0,TOTAL MOT,-1,N/A,0.0,False,-1,N/A,0.0,False,18920216.0,False,0.0,False,215928048.461,,215928048.461,0,False,True
C,M,20181101,2018,11,201811,97,EUR,European Union,M,Import,156,CHN,China,0,W00,World,H5,HS,True,8509,"Electro-mechanical domestic appliances; with self-contained electric motor, other than vacuum cleaners of heading 85.08.",4,False,C00,TOTAL CPC,0,0,TOTAL MOT,-1,N/A,0.0,True,-1,N/A,0.0,False,16629680.278,True,0.0,False,179885981.492,,179885981.492,6,False,True
C,M,20181101,2018,11,201811,97,EUR,European Union,M,Import,156,CHN,China,0,W00,World,H5,HS,True,8516,"Electric water, space, soil heaters; electro-thermic hair-dressing apparatus; hand dryers, irons; electro-thermic appliances for domestic purposes; electro heating resistors, not of heading no. 8545",4,False,C00,TOTAL CPC,0,0,TOTAL MOT,-1,N/A,0.0,True,-1,N/A,0.0,False,92580516.0,False,0.0,False,568820254.667,,568820254.667,2,False,True
C,M,20181101,2018,11,201811,97,EUR,European Union,M,Import,156,CHN,China,0,W00,World,H5,HS,True,9401,"Seats (not those of heading no. 9402), whether or not convertible into beds and parts thereof",4,False,C00,TOTAL CPC,0,0,TOTAL MOT,-1,N/A,0.0,True,-1,N/A,0.0,False,106711591.0,False,0.0,False,450289722.417,,450289722.417,2,False,True
C,M,20181101,2018,11,201811,97,EUR,European Union,M,Import,156,CHN,China,0,W00,World,H5,HS,True,9403,"Furniture and parts thereof, n.e.c. in chapter 94",4,False,C00,TOTAL CPC,0,0,TOTAL MOT,-1,N/A,0.0,True,-1,N/A,0.0,False,142325586.64,True,0.0,False,377635263.099,,377635263.099,6,False,True
C,M,20181101,2018,11,201811,97,EUR,European Union,M,Import,156,CHN,China,0,W00,World,H5,HS,True,9405,"Lamps, light fittings; including searchlights, spotlights and parts thereof, n.e.c.; illuminated signs, name-plates and the like, having permanently fixed light source and parts thereof n.e.c. or included",4,False,C00,TOTAL CPC,0,0,TOTAL MOT,8,kg,61247983.517,True,-1,N/A,0.0,False,61247983.517,True,0.0,False,608019415.85,,608019415.85,6,False,True
C,M,20181101,2018,11,201811,97,EUR,European Union,M,Import,156,CHN,China,0,W00,World,H5,HS,True,9503,"Tricycles, scooters, pedal cars and similar wheeled toys; dolls' carriages; dolls; other toys; reduced-size (scale) models and similar recreational models, working or not; puzzles of all kinds",4,False,C00,TOTAL CPC,0,0,TOTAL MOT,8,kg,79578306.099,True,-1,N/A,0.0,False,79578306.099,True,0.0,False,754957987.563,,754957987.563,6,False,True
C,M,20181201,2018,12,201812,97,EUR,European Union,M,Import,156,CHN,China,0,W00,World,H5,HS,True,3923,"Plastic articles for the conveyance or packing of goods; stoppers, lids, caps and other closures of plastics",4,False,C00,TOTAL CPC,0,0,TOTAL MOT,8,kg,23214653.857,True,-1,N/A,0.0,False,23214653.857,True,0.0,False,116083323.084,,116083323.084,6,False,True
C,M,20181201,2018,12,201812,97,EUR,European Union,M,Import,156,CHN,China,0,W00,World,H5,HS,True,3924,"Tableware, kitchenware, other household articles and hygienic or toilet articles, of plastics",4,False,C00,TOTAL CPC,0,0,TOTAL MOT,8,kg,18921414.0,False,8,kg,18921414.0,False,18921414.0,False,0.0,False,96239967.693,,96239967.693,0,False,True
C,M,20181201,2018,12,201812,97,EUR,European Union,M,Import,156,CHN,China,0,W00,World,H5,HS,True,3926,"Articles of plastics and articles of other materials of heading no. 3901 to 3914, n.e.c. in chapter 39",4,False,C00,TOTAL CPC,0,0,TOTAL MOT,8,kg,57748111.364,True,-1,N/A,0.0,False,57748111.364,True,0.0,False,355696312.707,,355696312.707,6,False,True
C,M,20181201,2018,12,201812,97,EUR,European Union,M,Import,156,CHN,China,0,W00,World,H5,HS,True,8414,"Air or vacuum pumps, air or other gas compressors and fans; ventilating or recycling hoods incorporating a fan whether or not fitted with filters",4,False,C00,TOTAL CPC,0,0,TOTAL MOT,-1,N/A,0.0,True,-1,N/A,0.0,False,28076034.193,True,0.0,False,163244417.768,,163244417.768,6,False,True
C,M,20181201,2018,12,201812,97,EUR,European Union,M,Import,156,CHN,China,0,W00,World,H5,HS,True,8415,"Air conditioning machines; comprising a motor driven fan and elements for changing the temperature and humidity, including those machines in which the humidity cannot be separately regulated",4,False,C00,TOTAL CPC,0,0,TOTAL MOT,-1,N/A,0.0,True,-1,N/A,0.0,False,8110869.0,False,0.0,False,74581446.694,,74581446.694,2,False,True
C,M,20181201,2018,12,201812,97,EUR,European Union,M,Import,156,CHN,China,0,W00,World,H5,HS,True,8418,"Refrigerators, freezers and other refrigerating or freezing equipment, electric or other; heat pumps other than air conditioning machines of heading no. 8415",4,False,C00,TOTAL CPC,0,0,TOTAL MOT,-1,N/A,0.0,True,-1,N/A,0.0,False,48045603.0,False,0.0,False,192371534.939,,192371534.939,2,False,True
C,M,20181201,2018,12,201812,97,EUR,European Union,M,Import,156,CHN,China,0,W00,World,H5,HS,True,8450,Household or laundry-type washing machines; including machines which both wash and dry,4,False,C00,TOTAL CPC,0,0,TOTAL MOT,-1,N/A,0.0,False,-1,N/A,0.0,False,24846599.0,False,0.0,False,77542168.926,,77542168.926,0,False,True
C,M,20181201,2018,12,201812,97,EUR,European Union,M,Import,156,CHN,China,0,W00,World,H5,HS,True,8508,Vacuum cleaners,4,False,C00,TOTAL CPC,0,0,TOTAL MOT,-1,N/A,0.0,False,-1,N/A,0.0,False,15577380.0,False,0.0,False,159277428.138,,159277428.138,0,False,True
C,M,20181201,2018,12,201812,97,EUR,European Union,M,Import,156,CHN,China,0,W00,World,H5,HS,True,8509,"Electro-mechanical domestic appliances; with self-contained electric motor, other than vacuum cleaners of heading 85.08.",4,False,C00,TOTAL CPC,0,0,TOTAL MOT,-1,N/A,0.0,True,-1,N/A,0.0,False,12305101.0,False,0.0,False,127742262.532,,127742262.532,2,False,True
C,M,20181201,2018,12,201812,97,EUR,European Union,M,Import,156,CHN,China,0,W00,World,H5,HS,True,8516,"Electric water, space, soil heaters; electro-thermic hair-dressing apparatus; hand dryers, irons; electro-thermic appliances for domestic purposes; electro heating resistors, not of heading no. 8545",4,False,C00,TOTAL CPC,0,0,TOTAL MOT,-1,N/A,0.0,True,-1,N/A,0.0,False,75033377.0,False,0.0,False,442828688.131,,442828688.131,2,False,True
C,M,20181201,2018,12,201812,97,EUR,European Union,M,Import,156,CHN,China,0,W00,World,H5,HS,True,9401,"Seats (not those of heading no. 9402), whether or not convertible into beds and parts thereof",4,False,C00,TOTAL CPC,0,0,TOTAL MOT,-1,N/A,0.0,True,-1,N/A,0.0,False,108381679.0,False,0.0,False,462586751.882,,462586751.882,2,False,True
C,M,20181201,2018,12,201812,97,EUR,European Union,M,Import,156,CHN,China,0,W00,World,H5,HS,True,9403,"Furniture and parts thereof, n.e.c. in chapter 94",4,False,C00,TOTAL CPC,0,0,TOTAL MOT,-1,N/A,0.0,True,-1,N/A,0.0,False,146416790.0,False,0.0,False,398457823.473,,398457823.473,2,False,True
C,M,20181201,2018,12,201812,97,EUR,European Union,M,Import,156,CHN,China,0,W00,World,H5,HS,True,9405,"Lamps, light fittings; including searchlights, spotlights and parts thereof, n.e.c.; illuminated signs, name-plates and the like, having permanently fixed light source and parts thereof n.e.c. or included",4,False,C00,TOTAL CPC,0,0,TOTAL MOT,8,kg,49207519.287,True,-1,N/A,0.0,False,49207519.287,True,0.0,False,496829552.794,,496829552.794,6,False,True
C,M,20181201,2018,12,201812,97,EUR,European Union,M,Import,156,CHN,China,0,W00,World,H5,HS,True,9503,"Tricycles, scooters, pedal cars and similar wheeled toys; dolls' carriages; dolls; other toys; reduced-size (scale) models and similar recreational models, working or not; puzzles of all kinds",4,False,C00,TOTAL CPC,0,0,TOTAL MOT,8,kg,46879866.986,True,-1,N/A,0.0,False,46879866.986,True,0.0,False,444059729.925,,444059729.925,6,False,True
